,$R^2$,$\kappa$,$P-value$
0,0.08633436624342061,0.24463881642407093,0.0
1,0.08633436624342061,0.24463881642407093,0.0
2,0.08633436624342061,0.24463881642407093,0.0
3,0.08633436624342061,0.24463881642407093,0.0
4,0.08633436624342061,0.24463881642407093,0.0
5,0.08633436624342061,0.24463881642407093,0.0
6,0.08633436624342061,0.24463881642407093,0.0
7,0.08633436624342061,0.24463881642407093,0.0
8,0.08633436624342061,0.24463881642407093,0.0
9,0.08633436624342061,0.24463881642407093,0.0
