,$R^2$,$\kappa$,$P-value$
0,0.3072037152612279,0.2783806116679648,0.0
1,0.3072037152612279,0.2783806116679648,0.0
2,0.3072037152612279,0.2783806116679648,0.0
3,0.3072037152612279,0.2783806116679648,0.0
4,0.3072037152612279,0.2783806116679648,0.0
5,0.3072037152612279,0.2783806116679648,0.0
6,0.3072037152612279,0.2783806116679648,0.0
7,0.3072037152612279,0.2783806116679648,0.0
8,0.3072037152612279,0.2783806116679648,0.0
9,0.3072037152612279,0.2783806116679648,0.0
