,$R^2$,$\kappa$,$P-value$
0,0.06414267684769603,0.3468396958393932,0.0
1,0.06414267684769603,0.3468396958393932,0.0
2,0.06414267684769603,0.3468396958393932,0.0
3,0.06414267684769603,0.3468396958393932,0.0
4,0.06414267684769603,0.3468396958393932,0.0
5,0.06414267684769603,0.3468396958393932,0.0
6,0.06414267684769603,0.3468396958393932,0.0
7,0.06414267684769603,0.3468396958393932,0.0
8,0.06414267684769603,0.3468396958393932,0.0
9,0.06414267684769603,0.3468396958393932,0.0
