,$R^2$,$\kappa$,$P-value$
0,0.06212570068289369,0.08081668106666329,0.0
1,0.06212570068289369,0.08081668106666329,0.0
2,0.06212570068289369,0.08081668106666329,0.0
3,0.06212570068289369,0.08081668106666329,0.0
4,0.06212570068289369,0.08081668106666329,0.0
5,0.06212570068289369,0.08081668106666329,0.0
6,0.06212570068289369,0.08081668106666329,0.0
7,0.06212570068289369,0.08081668106666329,0.0
8,0.06212570068289369,0.08081668106666329,0.0
9,0.06212570068289369,0.08081668106666329,0.0
